 <configuration>
  <property scope="context" resource="application.properties" />
  <appender name="EMAIL" class="ch.qos.logback.classic.net.SMTPAppender">
   <filter class="ch.qos.logback.classic.filter.LevelFilter">
      <level>ERROR</level>
      <onMatch>ACCEPT</onMatch>
      <onMismatch>DENY</onMismatch>
    </filter>
    <smtpHost>smtp.gmail.com</smtpHost>
    <smtpPort>465</smtpPort>
    <SSL>true</SSL>
    <username>info.bts.2019@gmail.com</username>
    <password>3ts5erver</password>
    <from>info.bts.2019@gmail.com</from>
    <to>${LOGGER_EMAIL}</to>
	<subject>Error in BTS_iBQMS API Server - %logger{20} - %m</subject>
    <layout class="ch.qos.logback.classic.PatternLayout">
      <pattern>%date %-5level %logger{35} - %message%n</pattern>
    </layout>  
         
  </appender>
  
  <root level="ERROR">
    <appender-ref ref="EMAIL" />
  </root> 
  
  <appender name="STDOUT" class="ch.qos.logback.core.ConsoleAppender">
    <!-- encoders are assigned the type
         ch.qos.logback.classic.encoder.PatternLayoutEncoder by default -->
    <encoder>
      <pattern>%-4relative [%thread] %-5level %logger{35} - %msg %n</pattern>
    </encoder>
  </appender>

    <!-- <appender name="FILE"
        class="ch.qos.logback.core.rolling.RollingFileAppender">
        <file>${LOGGER_FILE}.log</file>
        <rollingPolicy class="ch.qos.logback.core.rolling.TimeBasedRollingPolicy">
            <fileNamePattern>${LOGGER_FILE}.%d{yyyy-MM-dd}.%i.log</fileNamePattern>
            <timeBasedFileNamingAndTriggeringPolicy
                class="ch.qos.logback.core.rolling.SizeAndTimeBasedFNATP">
                <maxFileSize>1MB</maxFileSize>
            </timeBasedFileNamingAndTriggeringPolicy>
            <maxHistory>15</maxHistory>
        </rollingPolicy>

        <encoder>
            <pattern>%d{yyyy-MM-dd HH:mm:ss.SSS} [%level] [%thread] [%logger:%line] %msg%n
            </pattern>
        </encoder>
    </appender> 

-->
	<root level="INFO">
    	<appender-ref ref="STDOUT" />
  <!--  	<appender-ref ref="FILE" /> -->
  	</root>
    
   
    
</configuration>